config,target_ps,delay_ps,fmax_mhz,area_um2
base,5000,8785.48,113.8,68989.9168
base,3000,8785.48,113.8,68989.9168
base,2000,8785.48,113.8,68989.9168
base,1500,8785.48,113.8,68989.9168
base,1200,8785.48,113.8,68989.9168
base,1000,8785.48,113.8,68989.9168
base,800,8785.48,113.8,68989.9168
with CHK,5000,8691.54,115.1,69918.3072
with CHK,3000,8691.54,115.1,69918.3072
with CHK,2000,8691.54,115.1,69918.3072
with CHK,1500,8691.54,115.1,69918.3072
with CHK,1200,8691.54,115.1,69918.3072
with CHK,1000,8691.54,115.1,69918.3072
with CHK,800,8691.54,115.1,69918.3072
